page,timestamp
Occult Security and Investigation Commission,2026-01-12T01:38:01Z
Viscous/Quotes,2026-01-12T02:03:13Z
Viscous/Quotes,2026-01-12T02:06:27Z
Grey Talon/Strategy,2026-01-12T14:20:37Z
Template:CCAbilities,2026-01-12T15:14:33Z
Template:CCAbilities,2026-01-12T17:15:14Z
User:Monsto,2026-01-12T17:16:58Z
Debuff Resist,2026-01-12T17:56:01Z
Blood Tribute,2026-01-12T17:57:47Z
Weighted Shots,2026-01-12T17:58:27Z
Unstoppable,2026-01-12T18:00:28Z
Spellbreaker,2026-01-12T18:01:39Z
Ivy/Quotes,2026-01-12T22:57:51Z
Damage Resistance,2026-01-13T04:33:30Z
Damage Resistance,2026-01-13T04:35:09Z
Melee damage,2026-01-13T04:36:58Z
User:HerrSeeshauser,2026-01-13T14:55:21Z
Holliday,2026-01-13T18:36:32Z
Holliday's visual novel/Transcription,2026-01-13T18:50:20Z
Slowing Hex,2026-01-13T23:10:42Z
User:Danny,2026-01-14T00:06:43Z
The Doorman,2026-01-14T05:40:51Z
The Doorman,2026-01-14T05:44:27Z
Early Development Build,2026-01-14T05:51:13Z
User:Compsoter,2026-01-14T21:52:44Z
User:Acurrz,2026-01-14T21:56:08Z
User:Compsoter,2026-01-14T21:56:54Z
User:Acurrz,2026-01-14T21:57:35Z
User:Noct,2026-01-14T21:57:53Z
User:Noct,2026-01-14T21:58:30Z
File:Infernus leak.png,2026-01-14T22:09:39Z
Infernus,2026-01-14T22:10:35Z
User:Millie,2026-01-14T22:17:15Z
User:Millie,2026-01-14T22:18:01Z
Movement,2026-01-14T22:28:23Z
User:Acurrz/Sandbox,2026-01-14T22:41:46Z
User:Acurrz/Sandbox,2026-01-14T22:42:30Z
User:Acurrz/Sandbox/Test,2026-01-14T22:43:02Z
User:Monster Domosed,2026-01-14T22:53:40Z
Majestic Leap,2026-01-14T22:55:45Z
Rescue Beam,2026-01-14T23:00:30Z
Rescue Beam,2026-01-14T23:02:44Z
Majestic Leap,2026-01-14T23:03:10Z
Rescue Beam,2026-01-14T23:12:14Z
Module:MovementTabs,2026-01-14T23:15:38Z
Warp Stone,2026-01-14T23:18:18Z
Template:MovementTabs,2026-01-14T23:20:48Z
Module:MovementTabs,2026-01-14T23:21:14Z
User:Monster Domosed/Sandbox,2026-01-14T23:23:50Z
Stamina Mastery,2026-01-14T23:24:46Z
User:Monster Domosed/Sandbox/ru,2026-01-14T23:37:07Z
User:Monster Domosed/Sandbox,2026-01-14T23:49:23Z
User:Monster Domosed/Sandbox/ru,2026-01-14T23:55:05Z
User:Monster Domosed/Sandbox,2026-01-14T23:55:44Z
Module:MovementTabs,2026-01-15T00:02:40Z
Majestic Leap,2026-01-15T00:03:01Z
Hideout,2026-01-15T00:03:54Z
Movement,2026-01-15T00:10:45Z
User:Acurrz/Sandbox,2026-01-15T00:15:03Z
User:Monster Domosed/Sandbox/Strategy/ru,2026-01-15T00:15:07Z
Movement/Abrams/Charge Cancel,2026-01-15T00:17:08Z
Template:MovementTabs,2026-01-15T00:17:20Z
Movement/Abrams/Charge Cancel,2026-01-15T00:19:16Z
Movement/Abrams/Charge Launch,2026-01-15T00:20:42Z
Movement/Abrams,2026-01-15T00:21:15Z
Template:MovementTabs/doc,2026-01-15T00:24:18Z
Module:MonsterDomosed/movementtabs,2026-01-15T00:24:48Z
Template:MonsterDomosed/MovementTabs,2026-01-15T00:25:02Z
Movement/Abrams,2026-01-15T00:33:41Z
Movement/Abrams/Charge Cancel,2026-01-15T00:33:55Z
Movement/Abrams/Charge Launch,2026-01-15T00:34:06Z
User:Reminiscentia,2026-01-15T06:15:27Z
Shopkeeper,2026-01-15T06:39:49Z
User:LiteralFraud,2026-01-15T12:53:10Z
User:YanfeisCurator,2026-01-15T14:16:49Z
User:LVL/Sandbox,2026-01-15T14:53:06Z
User:LVL,2026-01-15T15:04:36Z
Spirit Rend,2026-01-15T15:05:46Z
Spirit Rend,2026-01-15T15:06:18Z
Bullet Resilience,2026-01-15T15:10:12Z
Compress Cooldown,2026-01-15T15:31:24Z
Mystic Expansion,2026-01-15T15:32:10Z
Greater Expansion,2026-01-15T15:33:01Z
High-Velocity Rounds,2026-01-15T16:17:33Z
Trooper,2026-01-15T16:23:16Z
User:LVL/Sandbox,2026-01-15T16:26:18Z
High-Velocity Rounds/Update history,2026-01-15T16:27:13Z
User:LVL/common.css,2026-01-15T16:27:33Z
User:LVL/common.js,2026-01-15T16:27:56Z
Opening Rounds,2026-01-15T16:28:12Z
Hollow Point,2026-01-15T16:29:05Z
High-Velocity Rounds,2026-01-15T16:30:01Z
Opening Rounds,2026-01-15T16:31:35Z
Spirit Shredder Bullets,2026-01-15T16:33:13Z
Spirit Rend,2026-01-15T16:33:30Z
Stamina Mastery,2026-01-15T16:34:36Z
Stamina Mastery,2026-01-15T16:35:07Z
Healing Nova,2026-01-15T16:35:37Z
Bullet Resilience,2026-01-15T16:36:12Z
Spirit Resilience,2026-01-15T16:37:01Z
Compress Cooldown,2026-01-15T16:37:37Z
Mystic Expansion,2026-01-15T16:38:13Z
Greater Expansion,2026-01-15T16:38:29Z
Trooper,2026-01-15T17:25:50Z
Trooper,2026-01-15T17:28:45Z
User:LVL/common.js,2026-01-15T17:31:45Z
User:LVL/common.css,2026-01-15T17:32:30Z
Heroes,2026-01-15T17:39:50Z
User:LVL/common.css,2026-01-15T17:58:58Z
User:LVL/common.js,2026-01-15T17:59:20Z
User:Redx,2026-01-15T19:11:04Z
Billy,2026-01-15T19:17:50Z
Billy,2026-01-15T19:22:20Z
File:Deadlock Movement Wiki.png,2026-01-15T20:04:01Z
Module:Monster Domosed/Sandbox,2026-01-15T20:13:06Z
Movement,2026-01-15T20:15:06Z
Movement/Abrams/Charge Cancel,2026-01-15T20:15:35Z
Category:Movement,2026-01-15T20:16:45Z
Module:Monster Domosed/Sandbox,2026-01-15T20:18:58Z
Module:Monster Domosed/Sandbox,2026-01-15T20:20:43Z
Module:Monster Domosed/Sandbox,2026-01-15T20:21:45Z
Mina,2026-01-15T20:36:35Z
Module:Monster Domosed/Sandbox,2026-01-15T22:23:30Z
Module:Monster Domosed/Sandbox,2026-01-15T22:39:23Z
Module:Monster Domosed/Sandbox,2026-01-15T22:39:52Z
Template:Deadlock Movement Wiki/Header,2026-01-15T22:40:53Z
File:Universaltech.png,2026-01-15T22:47:03Z
File:Charactertech.png,2026-01-15T22:53:33Z
File:Itemtech.png,2026-01-15T22:59:07Z
File:Statuseffects.png,2026-01-15T22:59:45Z
File:Statuseffects.png,2026-01-15T23:00:21Z
File:Itemtech.png,2026-01-15T23:00:43Z
File:Charactertech.png,2026-01-15T23:00:55Z
File:Universaltech.png,2026-01-15T23:01:02Z
Template:Deadlock Movement Wiki/Navigation,2026-01-15T23:27:30Z
Portal:Movement,2026-01-15T23:44:57Z
Template:Deadlock Movement Wiki/Header,2026-01-15T23:52:57Z
Template:Deadlock Movement Wiki/Navigation,2026-01-15T23:55:16Z
User:Monster Domosed/Sandbox,2026-01-16T00:03:01Z
Movement/Abrams/Charge Cancel,2026-01-16T00:09:07Z
Movement/Abrams/Charge Launch,2026-01-16T00:09:30Z
Template:TechCard,2026-01-16T00:17:01Z
Movement/Abrams/Charge Launch,2026-01-16T00:20:37Z
Template:TechCard,2026-01-16T00:30:10Z
Template:Deadlock Movement Wiki/Navigation,2026-01-16T00:31:00Z
Template:Infobox item,2026-01-16T00:51:39Z
Data:Dictionary,2026-01-16T00:54:52Z
Template:Deadlock Wiki/Navigation,2026-01-16T01:02:03Z
Template:HeroRosterCard,2026-01-16T01:11:13Z
Updates,2026-01-16T03:14:35Z
Template:Tooltip,2026-01-16T04:10:13Z
Template:Tooltip/doc,2026-01-16T04:16:02Z
Template:Tooltip,2026-01-16T04:21:44Z
Template:Tooltip/doc,2026-01-16T04:24:15Z
Template:Tooltip/doc,2026-01-16T04:24:44Z
Template:Tooltip/doc,2026-01-16T04:29:36Z
User:Erudorai,2026-01-16T14:29:13Z
Template:Tooltip,2026-01-16T16:16:26Z
User:LVL/common.css,2026-01-16T16:17:56Z
User:LVL/common.js,2026-01-16T16:18:15Z
User:LVL/Sandbox,2026-01-16T16:19:53Z
MediaWiki:Common.js,2026-01-16T16:41:15Z
MediaWiki:Common.css,2026-01-16T16:41:19Z
Seven,2026-01-16T18:12:19Z
Seven,2026-01-16T18:15:47Z
Trooper,2026-01-16T18:30:29Z
Paige,2026-01-16T19:17:43Z
Paige,2026-01-16T19:18:45Z
Trooper,2026-01-16T19:22:08Z
Astral Gates,2026-01-16T19:23:55Z
Trooper/Update history,2026-01-16T19:24:09Z
Walker/Update history,2026-01-16T19:25:12Z
Guardian,2026-01-16T19:26:44Z
Death,2026-01-16T19:28:29Z
Death,2026-01-16T19:33:23Z
Souls/Update history,2026-01-16T19:35:02Z
Snowball,2026-01-16T23:31:26Z
User:SapConnor,2026-01-16T23:34:43Z
Snowball,2026-01-16T23:42:10Z
Snowball,2026-01-17T00:13:26Z
Shiv,2026-01-17T10:37:59Z
Shiv,2026-01-17T10:56:59Z
Module:LVL/Sandbox,2026-01-17T17:58:43Z
User:LVL/common.css,2026-01-17T18:01:35Z
User:LVL/common.js,2026-01-17T18:01:39Z
User:LVL/Sandbox,2026-01-17T18:03:24Z
User:LVL/Sandbox2,2026-01-17T18:31:13Z
Module:LVL/Sandbox,2026-01-17T18:34:02Z
User:Xochitl,2026-01-18T03:59:06Z
Weapon Damage,2026-01-18T04:01:32Z
Character Tech,2026-01-18T05:01:38Z
Character Tech,2026-01-18T05:07:06Z
Character Tech,2026-01-18T05:37:00Z
Movement/Drifter/Stalker's Mark Air Dash Momentum Conservation,2026-01-18T05:49:34Z
Character Tech,2026-01-18T06:04:49Z
Movement/Abrams,2026-01-18T06:05:47Z
Movement/Abrams/Charge Cancel,2026-01-18T06:05:47Z
Movement/Abrams/Charge Launch,2026-01-18T06:05:47Z
Movement/Drifter/Stalker's Mark Air Dash Momentum Conservation,2026-01-18T06:06:54Z
Movement/Character Tech/Drifter/Stalker's Mark Air Dash Momentum Conservation,2026-01-18T06:09:15Z
